year,ranking,name,university,solved,penalty,pa_time,pb_time,pc_time,pd_time,pe_time,pf_time,pg_time,ph_time,pi_time,pj_time,pk_time,pl_time,pm_time,pn_time
2014,1,Saboon,Sharif University of Technology,10,1080,2,9,96,16,111,29,93,261,179,144,0,,,
2014,2,We miss iliad,Sharif University of Technology,9,1035,2,28,165,20,141,77,54,0,212,196,0,,,
2014,3,Shire Aab,Sharif University of Technology,9,1123,4,11,51,47,234,16,129,175,0,296,0,,,
2014,4,Carrots in Black,Sharif University of Technology,8,748,3,19,70,35,235,117,95,0,134,0,0,,,
2014,5,iliad,Sharif University of Technology,8,751,5,13,39,21,240,66,50,237,0,0,0,,,
2014,6,Odd Factory,University of Tehran,8,938,7,22,89,43,232,58,135,0,292,0,0,,,
2014,7,Dark Side of Trianguli,Shahid Beheshti University,7,792,2,16,179,29,0,63,185,0,238,0,0,,,
2014,8,Triple Narengies :),University of Tehran,7,947,6,32,150,70,0,121,183,0,265,0,0,,,
2014,9,Naddaaf,Sharif University of Technology,7,1228,3,23,181,144,0,57,266,0,294,0,0,,,
2014,10,70856775327334,Islamic Azad University of Mashhad,6,381,7,23,108,34,0,46,143,0,0,0,0,,,
2014,11,Dark side of the Chorm,Shahid Beheshti University,6,423,4,20,94,33,0,96,156,0,0,0,0,,,
2014,12,NBA,Ferdowsi University of Mashhad,6,456,3,18,130,38,0,54,153,0,0,0,0,,,
2014,13,Charles Milles Manson,University of Tehran,6,482,4,17,122,72,0,74,153,0,0,0,0,,,
2014,14,Team Name,Amirkabir University of Technology,6,558,3,17,189,46,0,76,127,0,0,0,0,,,
2014,15,sakht kondo kodanam,University of Tehran,6,565,14,21,138,45,0,63,224,0,0,0,0,,,
2014,16,Unrefusable Offer [safe mode],Guilan U,6,580,8,20,125,38,0,68,241,0,0,0,0,,,
2014,17,!NNOC3NT,University of Isfahan,6,614,5,28,98,104,0,127,192,0,0,0,0,,,
2014,18,Code i7,Shiraz University,6,641,4,17,152,33,0,60,275,0,0,0,0,,,
2014,19,Knight=Shovalie,University of Tehran,6,642,5,22,199,50,0,68,258,0,0,0,0,,,
2014,20,Choghondar,Sharif University of Technology,6,684,4,15,297,82,0,50,196,0,0,0,0,,,
2014,21,DOKHANIAT,University of Isfahan,6,695,7,21,181,85,0,133,208,0,0,0,0,,,
2014,22,Night's Watch,Shahid Beheshti University,6,716,14,35,89,149,0,196,233,0,0,0,0,,,
2014,23,Para2x,Shiraz University,6,763,5,21,88,50,0,170,289,0,0,0,0,,,
2014,24,KonKooria For Fun,Shahid Beheshti University,6,792,6,24,190,124,0,65,263,0,0,0,0,,,
2014,25,Wii not fit,University of Tehran,6,858,6,105,205,70,0,87,225,0,0,0,0,,,
2014,26,Team 47,Isfahan University of Technology,6,871,3,16,195,138,0,132,247,0,0,0,0,,,
2014,27,Shepel,Amirkabir University of Technology,5,383,3,19,157,98,0,46,0,0,0,0,0,,,
2014,28,Promotion,Urmia University,5,434,21,26,72,147,0,128,0,0,0,0,0,,,
2014,29,OiT,University of Tehran,5,491,6,21,239,77,0,48,0,0,0,0,0,,,
2014,30,Khwarizmi Redemption,Kharazmi University,5,511,8,29,0,66,0,118,290,0,0,0,0,,,
2014,31,Euler,University of Tabriz,5,529,12,35,212,100,0,130,0,0,0,0,0,,,
2014,32,dampaE,Shahid Beheshti University,5,566,5,23,270,125,0,63,0,0,0,0,0,,,
2014,33,Nine,Ferdowsi University of Mashhad,5,590,3,21,237,89,0,180,0,0,0,0,0,,,
2014,34,TiZii,Isfahan University of Technology,5,700,4,23,291,145,0,177,0,0,0,0,0,,,
2014,35,Donuts,Shahid Beheshti University,5,752,14,24,229,247,0,98,0,0,0,0,0,,,
2014,36,Charan:D Run,Islamic Azad University of Parand,5,861,8,98,257,85,0,293,0,0,0,0,0,,,
2014,37,HeiSenBuG,Amirkabir University of Technology,4,128,3,19,0,59,0,47,0,0,0,0,0,,,
2014,38,msn+,Amirkabir University of Technology,4,228,5,23,0,66,0,114,0,0,0,0,0,,,
2014,39,Keyhan,Khaje Nasir Toosi University of Technology,4,266,4,29,0,118,0,95,0,0,0,0,0,,,
2014,40,Booooogh!!!!!,Ghias-al-din Jamshid Kashani,4,302,10,48,0,90,0,154,0,0,0,0,0,,,
2014,41,Kiss of Fire,Pasargad University of Shiraz,4,386,5,30,0,192,0,119,0,0,0,0,0,,,
2014,42,WatchOut!,Shahid Bahonar University of Kerman,4,401,9,33,0,235,0,124,0,0,0,0,0,,,
2014,43,Gru,Amirkabir University of Technology,4,443,17,47,0,150,0,169,0,0,0,0,0,,,
2014,44,OutOfControl,Isfahan University of Technology,4,444,5,25,0,93,0,281,0,0,0,0,0,,,
2014,45,TRIO,Isfahan University of Technology,4,475,8,41,0,210,0,156,0,0,0,0,0,,,
2014,46,Bottleneck,Yazd University,4,496,17,39,205,0,0,115,0,0,0,0,0,,,
2014,47,Mig Mig,Persian Gulf University,4,519,15,51,262,0,0,151,0,0,0,0,0,,,
2014,48,Heshki heshtow shode?,Shahid Bahonar University of Kerman,4,568,11,32,0,287,0,198,0,0,0,0,0,,,
2014,49,13hom,Ferdowsi University of Mashhad,3,110,4,20,0,0,0,86,0,0,0,0,0,,,
2014,50,Khormalou,Yazd University,3,142,8,34,0,0,0,100,0,0,0,0,0,,,
2014,51,rewsnAgnorW,Payame Noor Bandar Abbas,3,150,5,35,0,0,0,110,0,0,0,0,0,,,
2014,52,Fallen CoderZ,Khayyam University,3,160,10,33,0,0,0,117,0,0,0,0,0,,,
2014,53,Cloud,Yazd University,3,172,13,32,0,0,0,127,0,0,0,0,0,,,
2014,54,NULL,Sadjad University of Technology,3,173,7,39,0,0,0,127,0,0,0,0,0,,,
2014,55,BooMbastiC,Shiraz University,3,190,7,32,0,0,0,131,0,0,0,0,0,,,
2014,56,Jimbo,Vali-E-Asr University,3,196,7,51,0,0,0,118,0,0,0,0,0,,,
2014,57,Error!,Fasa University,3,197,17,63,0,0,0,117,0,0,0,0,0,,,
2014,58,Minions++,Ferdowsi University of Mashhad,3,199,9,36,0,154,0,0,0,0,0,0,0,,,
2014,59,GssCoder,Shahed U,3,205,7,62,0,0,0,116,0,0,0,0,0,,,
2014,60,HaViJ,Vali-E-Asr University,3,223,16,47,0,0,0,160,0,0,0,0,0,,,
2014,61,Pioneer,Sadjad University of Technology,3,240,9,49,0,0,0,142,0,0,0,0,0,,,
2014,62,Unrefusable Offer [new mode],Guilan U,3,240,8,44,0,0,0,188,0,0,0,0,0,,,
2014,63,Emad Mahmoudi,University of Tehran,3,251,9,52,0,0,0,190,0,0,0,0,0,,,
2014,64,Death Code,Persian Gulf University,3,265,18,57,0,0,0,150,0,0,0,0,0,,,
2014,65,Crypto,Shahid Chamran University of Ahvaz,3,265,14,52,0,0,0,179,0,0,0,0,0,,,
2014,66,Temps,Sadjad University of Technology,3,267,5,31,0,0,0,211,0,0,0,0,0,,,
2014,67,Ma & SEVES,Vali-E-Asr University,3,278,12,51,0,0,0,215,0,0,0,0,0,,,
2014,68,Wall-E,Shahed U,3,306,32,46,0,168,0,0,0,0,0,0,0,,,
2014,69,Error 1009,Shiraz University,3,376,13,189,0,0,0,134,0,0,0,0,0,,,
2014,70,UUT-1,Urmia University Of Technology,3,384,17,53,0,0,0,274,0,0,0,0,0,,,
2014,71,ice cream,Alzahra University,3,506,19,149,0,0,0,258,0,0,0,0,0,,,
2014,72,MFM,Shahrood University,3,535,190,50,0,0,0,215,0,0,0,0,0,,,
2014,73,A-SMIT,Azarbijan Shahid Madani U,3,571,20,298,0,0,0,193,0,0,0,0,0,,,
2014,74,Yahagh,Imam-Khomeini International University,3,778,66,146,0,0,0,266,0,0,0,0,0,,,
2014,75,Triangle,University of Science & Culture,2,37,6,31,0,0,0,0,0,0,0,0,0,,,
2014,76,Alpha,Mazandaran University of Science and Technology,2,42,7,35,0,0,0,0,0,0,0,0,0,,,
2014,77,Meteor,Sadjad University of Technology,2,48,9,39,0,0,0,0,0,0,0,0,0,,,
2014,78,Winter is Coming...,Shiraz University,2,49,11,38,0,0,0,0,0,0,0,0,0,,,
2014,79,Happy Three Friends,University of Isfahan,2,51,9,42,0,0,0,0,0,0,0,0,0,,,
2014,80,WTC,Khaje Nasir Toosi University of Technology,2,59,5,34,0,0,0,0,0,0,0,0,0,,,
2014,81,INDREAMS,Shahrekord University,2,66,18,48,0,0,0,0,0,0,0,0,0,,,
2014,82,UUT-2,Urmia University Of Technology,2,70,10,40,0,0,0,0,0,0,0,0,0,,,
2014,83,Best Programmers,Shahrood University,2,74,17,57,0,0,0,0,0,0,0,0,0,,,
2014,84,EfraTyon,Shahid Beheshti University,2,75,13,62,0,0,0,0,0,0,0,0,0,,,
2014,85,Artmis,Payame Noor University of Mashhad,2,83,19,64,0,0,0,0,0,0,0,0,0,,,
2014,86,Gangsters,University of Tabriz,2,98,5,53,0,0,0,0,0,0,0,0,0,,,
2014,87,inverted TNT,Islamic Azad University of Parand,2,110,13,97,0,0,0,0,0,0,0,0,0,,,
2014,88,Achaemenian,Khayyam University,2,111,30,81,0,0,0,0,0,0,0,0,0,,,
2014,89,Code Lovers,Amirkabir University of Technology,2,153,17,96,0,0,0,0,0,0,0,0,0,,,
2014,90,3Phase,Shahid Chamran University of Ahvaz,2,158,16,102,0,0,0,0,0,0,0,0,0,,,
2014,91,Soorena,Jahrom University,2,161,16,125,0,0,0,0,0,0,0,0,0,,,
2014,92,703,Amirkabir University of Technology,2,208,4,144,0,0,0,0,0,0,0,0,0,,,
2014,93,B-SMIT,Azarbijan Shahid Madani U,2,226,26,120,0,0,0,0,0,0,0,0,0,,,
2014,94,Superior Intellect,Azad U of Tehran Center,2,238,33,125,0,0,0,0,0,0,0,0,0,,,
2014,95,*Blessing,Shahid Rajaei U,2,254,99,135,0,0,0,0,0,0,0,0,0,,,
2014,96,PONG,University of Isfahan,2,261,13,0,0,0,0,228,0,0,0,0,0,,,
2014,97,393,U of Zabol,2,370,40,190,0,0,0,0,0,0,0,0,0,,,
2014,98,Cpt. Price,Islamic Azad University of Mashhad,1,7,7,0,0,0,0,0,0,0,0,0,0,,,
2014,99,khatam bax,Khatam Alanbia University of Technology,1,9,9,0,0,0,0,0,0,0,0,0,0,,,
2014,100,LUMA,Azad U of Tehran South,1,18,18,0,0,0,0,0,0,0,0,0,0,,,
2014,101,Piece Of Resistance,Shahrood University,1,127,47,0,0,0,0,0,0,0,0,0,0,,,
2015,1,CrockPot,Sharif University of Technology,9,1194,10,8,238,0,141,151,58,68,210,190,,,,
2015,2,Iliad is coming,Sharif University of Technology,7,756,4,10,0,0,110,0,51,125,260,116,,,,
2015,3,blueberry,Sharif University of Technology,7,898,17,15,0,0,71,291,217,68,0,159,,,,
2015,4,SRM 48,Sharif University of Technology,7,1022,5,15,299,0,153,0,128,78,0,164,,,,
2015,5,in 1010101 we trust!,Shahid Beheshti University,6,633,20,16,0,0,195,0,118,139,0,105,,,,
2015,6,For A Few Wrong Answers More,Ferdowsi University of Mashhad,6,724,5,20,0,0,0,0,214,85,282,78,,,,
2015,7,Narengies Factory :),University of Tehran,6,776,4,16,0,0,212,0,126,141,0,217,,,,
2015,8,Dog ate,Shahid Beheshti University,5,291,6,12,0,0,0,0,177,35,0,61,,,,
2015,9,Team 47,Isfahan University of Technology,5,384,9,29,0,0,0,0,149,43,0,94,,,,
2015,10,Heshki heshtow shode?!,Shahid Bahonar University of Kerman,5,520,32,29,0,0,0,0,214,58,0,167,,,,
2015,11,2nt3,Amirkabir University of Technology,5,594,14,15,0,0,0,0,206,101,0,158,,,,
2015,12,AYA?,Shiraz University,5,656,4,38,0,0,0,0,181,90,0,223,,,,
2015,13,NeshesTeam,University of Tehran,5,688,23,18,0,0,0,0,263,51,0,233,,,,
2015,14,TRIO,Isfahan University of Technology,5,691,29,19,0,0,0,0,246,66,0,251,,,,
2015,15,Promotion,Urmia University,4,195,9,22,0,0,0,0,0,54,0,90,,,,
2015,16,fr13nds,Amirkabir University of Technology,4,282,22,18,0,0,0,0,159,63,0,0,,,,
2015,17,Khwarizmi Redemption,Kharazmi University,4,293,23,14,0,0,0,0,185,71,0,0,,,,
2015,18,Moridane Naddaf (offical),Ferdowsi University of Mashhad,4,367,12,15,0,0,0,0,163,137,0,0,,,,
2015,19,IAUMSaidGoFundYourselves,Islamic Azad University of Mashhad,4,399,18,33,0,0,0,0,0,103,0,185,,,,
2015,20,For a Fistful of Balloons,Amirkabir University of Technology,4,404,19,22,0,0,0,0,283,40,0,0,,,,
2015,21,Challengers,University of Isfahan,4,408,20,13,0,0,0,0,225,130,0,0,,,,
2015,22,Flappy Fox,Iran University of Science & Technology,4,464,17,36,0,0,0,0,240,151,0,0,,,,
2015,23,SaBeNiDaF,University of Tehran,4,466,8,16,0,0,0,0,213,189,0,0,,,,
2015,24,Hyper Coders,Khaje Nasir Toosi University of Technology,4,476,19,29,0,0,0,0,272,136,0,0,,,,
2015,25,Original Euler,University of Tabriz,4,487,36,17,0,0,0,0,0,143,0,231,,,,
2015,26,SOB,Khaje Nasir Toosi University of Technology,4,527,34,41,0,0,0,0,0,98,0,254,,,,
2015,27,mikhanD?...,University of Tehran,4,535,24,15,0,0,0,0,295,141,0,0,,,,
2015,28,Xode Euler,University of Tabriz,4,619,17,65,0,0,0,0,0,283,0,174,,,,
2015,29,Shi shode shetow shode...?,Shahid Bahonar University of Kerman,4,645,71,23,0,0,0,0,225,0,0,266,,,,
2015,30,Toroshbale ba As'som,Shiraz University,3,136,22,29,0,0,0,0,0,65,0,0,,,,
2015,31,Acid,Shahid Chamran University of Ahvaz,3,171,28,23,0,0,0,0,0,100,0,0,,,,
2015,32,We will miss our Donuts :(,Shahid Beheshti University,3,179,12,23,0,0,0,0,0,144,0,0,,,,
2015,33,The Catchelycs (Reunion),Amirkabir University of Technology,3,190,35,28,0,0,0,0,0,87,0,0,,,,
2015,34,Happy Three Friends,University of Isfahan,3,206,20,36,0,0,0,0,0,110,0,0,,,,
2015,35,TiZii,Isfahan University of Technology,3,209,21,10,0,0,0,0,0,0,0,178,,,,
2015,36,SEVES,Vali-E-Asr University,3,229,15,36,0,0,0,0,0,158,0,0,,,,
2015,37,IASBS,Institute for Advanced Studies in Basic Sciences,3,245,26,56,0,0,0,0,0,143,0,0,,,,
2015,38,Forget About Unrefusable Offer,Guilan U,3,273,12,34,0,0,0,0,0,187,0,0,,,,
2015,39,XOR,Ferdowsi University of Mashhad,3,276,36,50,0,0,0,0,0,130,0,0,,,,
2015,40,Black Code,University of Kurdistan,3,280,26,37,0,0,0,0,0,177,0,0,,,,
2015,41,Unreachable Foe,Shahrood University,3,281,34,27,0,0,0,0,0,200,0,0,,,,
2015,42,the last of booghchiz,Ghias-al-din Jamshid Kashani,3,291,12,41,0,0,0,0,0,218,0,0,,,,
2015,43,why do we fall?,Sadjad University of Technology,3,304,20,29,0,0,0,0,0,195,0,0,,,,
2015,44,Null,Sadjad University of Technology,3,318,21,49,0,0,0,0,0,168,0,0,,,,
2015,45,"The good, The bad, The ugly",Pasargad University of Shiraz,3,337,35,51,0,0,0,0,0,211,0,0,,,,
2015,46,GooGooria,University of Isfahan,3,366,47,133,0,0,0,0,0,106,0,0,,,,
2015,47,no name,Iran University of Science & Technology,3,409,18,43,0,0,0,0,288,0,0,0,,,,
2015,48,GeekSheepz,Shahrekord University,3,479,194,25,0,0,0,0,0,160,0,0,,,,
2015,49,turing,Shahid Bahonar University of Kerman,2,47,19,28,0,0,0,0,0,0,0,0,,,,
2015,50,FUST,Shahrood University,2,58,10,28,0,0,0,0,0,0,0,0,,,,
2015,51,Chagoonoo,Yazd University,2,80,12,28,0,0,0,0,0,0,0,0,,,,
2015,52,Silence,Mohaghegh Ardebili University,2,87,14,53,0,0,0,0,0,0,0,0,,,,
2015,53,Disconzertors,Urmia University,2,88,31,57,0,0,0,0,0,0,0,0,,,,
2015,54,hp94,University of Tabriz,2,93,20,53,0,0,0,0,0,0,0,0,,,,
2015,55,safahan,Safahan University of Isfahan,2,99,30,49,0,0,0,0,0,0,0,0,,,,
2015,56,Z,Yazd University,2,108,19,69,0,0,0,0,0,0,0,0,,,,
2015,57,J2MD,Islamic Azad University of Najaf Abad,2,117,57,20,0,0,0,0,0,0,0,0,,,,
2015,58,miracle workers,Urmia University Of Technology,2,125,33,52,0,0,0,0,0,0,0,0,,,,
2015,59,Kickers,Shahab Danesh University,2,130,64,46,0,0,0,0,0,0,0,0,,,,
2015,60,Anonymous,Khayyam University,2,137,19,58,0,0,0,0,0,0,0,0,,,,
2015,61,AmPaRyo,Shiraz University,2,150,57,33,0,0,0,0,0,0,0,0,,,,
2015,62,daltonha,Khatam Alanbia University of Technology,2,161,85,36,0,0,0,0,0,0,0,0,,,,
2015,63,Che Bechay,Sheikhbahaee Universtity,2,191,83,48,0,0,0,0,0,0,0,0,,,,
2015,64,Violets,Kharazmi University,2,208,72,56,0,0,0,0,0,0,0,0,,,,
2015,65,MMS,Alzahra University,2,236,100,56,0,0,0,0,0,0,0,0,,,,
2015,66,rogues,Guilan U,2,245,92,73,0,0,0,0,0,0,0,0,,,,
2015,67,Aurora,Payame Noor University of Hashtgerd,2,250,65,85,0,0,0,0,0,0,0,0,,,,
2015,68,Birjand U,Birjand University,2,268,90,98,0,0,0,0,0,0,0,0,,,,
2015,69,Soorena,Jahrom University,2,308,168,60,0,0,0,0,0,0,0,0,,,,
2015,70,NU,Urmia University,2,309,163,86,0,0,0,0,0,0,0,0,,,,
2015,71,SSAS-IT,Shiraz University of Technology,2,367,194,73,0,0,0,0,0,0,0,0,,,,
2015,72,CodeForFun,Islamic Azad University of Najaf Abad,2,396,240,56,0,0,0,0,0,0,0,0,,,,
2015,73,Khayyam Begin,Bu-Ali Sina University,2,452,88,284,0,0,0,0,0,0,0,0,,,,
2015,74,nexGen,Islamic Azad University of Parand,2,495,214,161,0,0,0,0,0,0,0,0,,,,
2015,75,Havij,Mazandaran University of Science and Technology,1,91,91,0,0,0,0,0,0,0,0,0,,,,
2015,76,YaHagh,Imam-Khomeini International University,1,114,0,94,0,0,0,0,0,0,0,0,,,,
2015,77,Semicolon,Payame Noor University of Mashhad,1,170,130,0,0,0,0,0,0,0,0,0,,,,
2015,78,paradigm,Somayeh Najaf Abad Technical College,0,0,0,0,0,0,0,0,0,0,0,0,,,,
2016,1,CrockPot,Sharif University of Technology,12,1538,2,5,18,125,260,232,35,150,51,144,194,162,,
2016,2,Mabva,Sharif University of Technology,12,1791,3,9,19,54,158,270,37,243,199,203,237,119,,
2016,3,KMJ Fans,Sharif University of Technology,10,1088,3,8,20,38,276,0,26,153,289,156,0,79,,
2016,4,mruxim,Sharif University of Technology,10,1312,3,8,32,51,236,162,35,140,202,283,0,0,,
2016,5,NesheTeam,University of Tehran,7,776,5,25,48,71,0,0,18,268,221,0,0,0,,
2016,6,The Last One ?,University of Tehran,6,504,3,17,45,132,0,0,93,0,0,194,0,0,,
2016,7,Dog nine,Shahid Beheshti University,6,542,9,17,57,139,0,0,66,0,0,194,0,0,,
2016,8,Team 47,Isfahan University of Technology,6,580,3,9,28,193,0,0,84,0,0,243,0,0,,
2016,9,Gharch Sokhari,Ferdowsi University of Mashhad,6,622,4,7,22,117,0,0,37,295,0,0,0,0,,
2016,10,Fr13nds,Amirkabir University of Technology,6,684,4,8,68,196,0,0,99,0,0,269,0,0,,
2016,11,AYA?,Shiraz University,6,696,7,12,45,175,0,274,63,0,0,0,0,0,,
2016,12,We will do Believe!,University of Tehran,5,296,5,11,51,116,0,0,73,0,0,0,0,0,,
2016,13,chegher-e- badbadan,Ferdowsi University of Mashhad,5,297,6,28,20,161,0,0,82,0,0,0,0,0,,
2016,14,uniVerse,Shahid Beheshti University,5,564,43,31,93,0,198,0,139,0,0,0,0,0,,
2016,15,Ghasem,University of Tehran,5,599,4,9,25,269,0,0,272,0,0,0,0,0,,
2016,16,TiZi Remembers,Isfahan University of Technology,5,938,6,125,73,297,0,0,277,0,0,0,0,0,,
2016,17,Causeless,Amirkabir University of Technology,4,112,5,13,36,0,0,0,58,0,0,0,0,0,,
2016,18,TRIO,Isfahan University of Technology,4,151,4,12,45,0,0,0,70,0,0,0,0,0,,
2016,19,Promotion,Urmia University,4,187,4,11,27,0,0,0,145,0,0,0,0,0,,
2016,20,STS,Khaje Nasir Toosi University of Technology,4,211,5,11,39,0,0,0,136,0,0,0,0,0,,
2016,21,Golabi,Kharazmi University,4,219,3,10,79,0,0,0,107,0,0,0,0,0,,
2016,22,Havij e Parandeh,Ferdowsi University of Mashhad,4,231,3,8,94,0,0,0,86,0,0,0,0,0,,
2016,23,Disqualified,Shahid Beheshti University,4,245,4,10,55,0,0,0,136,0,0,0,0,0,,
2016,24,out of mind,Alzahra University,4,254,5,15,73,0,0,0,121,0,0,0,0,0,,
2016,25,We Have Come A Long Way,Shahid Beheshti University,4,287,5,40,33,0,0,0,189,0,0,0,0,0,,
2016,26,AT5,Iran University of Science & Technology,4,294,7,13,106,0,0,0,128,0,0,0,0,0,,
2016,27,Why Do We Fall?,Sadjad University of Technology,4,307,5,15,61,0,0,0,146,0,0,0,0,0,,
2016,28,Kaktus,Amirkabir University of Technology,4,393,5,12,55,0,0,0,241,0,0,0,0,0,,
2016,29,Sleepies :-Z,Shiraz University,4,401,7,23,79,0,0,0,252,0,0,0,0,0,,
2016,30,Ashkan Esfand Mere : '(,Islamic Azad University of Mashhad,4,408,7,36,69,0,0,0,256,0,0,0,0,0,,
2016,31,Heshki heshtow shode?!,Shahid Bahonar University of Kerman,4,413,7,18,65,0,0,0,263,0,0,0,0,0,,
2016,32,Immortal Euler,University of Tabriz,4,439,7,17,97,0,0,0,278,0,0,0,0,0,,
2016,33,O__o,Ferdowsi University of Mashhad,4,444,5,34,139,0,0,0,206,0,0,0,0,0,,
2016,34,Return Of Zoro,Yazd University,3,54,7,13,34,0,0,0,0,0,0,0,0,0,,
2016,35,Iutbax,Isfahan University of Technology,3,63,3,8,32,0,0,0,0,0,0,0,0,0,,
2016,36,MSA,Khaje Nasir Toosi University of Technology,3,102,6,33,63,0,0,0,0,0,0,0,0,0,,
2016,37,B.I.Z.,Urmia University,3,105,7,41,57,0,0,0,0,0,0,0,0,0,,
2016,38,Crypto,Shahid Chamran University of Ahvaz,3,121,8,19,94,0,0,0,0,0,0,0,0,0,,
2016,39,Aura,University of Tabriz,3,126,6,26,94,0,0,0,0,0,0,0,0,0,,
2016,40,kerms,Shahid Bahonar University of Kerman,3,138,6,24,108,0,0,0,0,0,0,0,0,0,,
2016,41,Infinite,Mahallat Institute Of Higher Education,3,140,10,41,89,0,0,0,0,0,0,0,0,0,,
2016,42,AZINAA,Shiraz University,3,143,8,36,99,0,0,0,0,0,0,0,0,0,,
2016,43,Double Bazinga,Guilan U,3,145,5,25,95,0,0,0,0,0,0,0,0,0,,
2016,44,smarties,University of Isfahan,3,155,5,14,96,0,0,0,0,0,0,0,0,0,,
2016,45,Table FlipperZ,University of Isfahan,3,167,5,40,102,0,0,0,0,0,0,0,0,0,,
2016,46,"{Khayyam,GharGhari, Choghoz}",Bu-Ali Sina University,3,183,11,32,120,0,0,0,0,0,0,0,0,0,,
2016,47,White Rose,Islamic Azad University of Najaf Abad,3,186,4,23,119,0,0,0,0,0,0,0,0,0,,
2016,48,DeadLock,Birjand University,3,198,5,21,132,0,0,0,0,0,0,0,0,0,,
2016,49,We came for free lunch,Amirkabir University of Technology,3,198,6,32,140,0,0,0,0,0,0,0,0,0,,
2016,50,Mig Mig,Persian Gulf University,3,202,34,60,108,0,0,0,0,0,0,0,0,0,,
2016,51,FUST,Shahrood University,3,209,23,9,117,0,0,0,0,0,0,0,0,0,,
2016,52,Who Cares?,Sadjad University of Technology,3,227,22,38,167,0,0,0,0,0,0,0,0,0,,
2016,53,Eto,Shahid Bahonar University of Kerman,3,238,14,33,111,0,0,0,0,0,0,0,0,0,,
2016,54,Sharp,Fasa University,3,241,14,45,142,0,0,0,0,0,0,0,0,0,,
2016,55,grand master 6000,Semnan University,3,243,17,56,130,0,0,0,0,0,0,0,0,0,,
2016,56,Ooo...,Sheikhbahaee Universtity,3,246,8,20,178,0,0,0,0,0,0,0,0,0,,
2016,57,For the Watch,Mohaghegh Ardebili University,3,257,7,20,210,0,0,0,0,0,0,0,0,0,,
2016,58,"Young minds, Big Bang!",Shahrekord University,3,267,32,51,184,0,0,0,0,0,0,0,0,0,,
2016,59,Violets,Kharazmi University,3,285,4,18,203,0,0,0,0,0,0,0,0,0,,
2016,60,Shariaty,Tehran Technical College of Shariaty,3,292,22,30,200,0,0,0,0,0,0,0,0,0,,
2016,61,3.KalePook,Vali-E-Asr University,3,297,15,39,183,0,0,0,0,0,0,0,0,0,,
2016,62,AXZ,Urmia University,3,329,10,23,216,0,0,0,0,0,0,0,0,0,,
2016,63,Black Rose,Islamic Azad University of Najaf Abad,3,330,4,12,194,0,0,0,0,0,0,0,0,0,,
2016,64,Tilda,University of Isfahan,3,347,5,16,226,0,0,0,0,0,0,0,0,0,,
2016,65,futhishet,Guilan U,3,360,29,43,208,0,0,0,0,0,0,0,0,0,,
2016,66,3SUM,Khayyam University,3,389,6,107,176,0,0,0,0,0,0,0,0,0,,
2016,67,3ft,Safahan University of Isfahan,2,34,7,27,0,0,0,0,0,0,0,0,0,0,,
2016,68,bradders,Shahab Danesh University,2,35,10,25,0,0,0,0,0,0,0,0,0,0,,
2016,69,UUT01,Urmia University Of Technology,2,41,12,29,0,0,0,0,0,0,0,0,0,0,,
2016,70,ZAZ,Islamic Azad University of Mashhad,2,49,12,37,0,0,0,0,0,0,0,0,0,0,,
2016,71,Makoran-USB,University of Sistan and Baluchestan,2,49,9,40,0,0,0,0,0,0,0,0,0,0,,
2016,72,0xnull,Mazandaran University of Science and Technology,2,49,5,44,0,0,0,0,0,0,0,0,0,0,,
2016,73,The_Last_ACM,Pasargad University of Shiraz,2,65,11,54,0,0,0,0,0,0,0,0,0,0,,
2016,74,Euler Never Dies,University of Tabriz,2,76,6,70,0,0,0,0,0,0,0,0,0,0,,
2016,75,gardenkeeper,Shiraz University of Technology,2,77,29,48,0,0,0,0,0,0,0,0,0,0,,
2016,76,S noob dog,Iran University of Science & Technology,2,92,15,57,0,0,0,0,0,0,0,0,0,0,,
2016,77,Hamure Belad Nistom,Payame Noor University of Mashhad,2,125,6,119,0,0,0,0,0,0,0,0,0,0,,
2016,78,Kernel,Tuyserkan Faculty of Engineering,2,176,44,72,0,0,0,0,0,0,0,0,0,0,,
2016,79,sky girls,Refah University,2,381,117,204,0,0,0,0,0,0,0,0,0,0,,
2016,80,Pioneer Sama,Karaj Sama University,1,14,14,0,0,0,0,0,0,0,0,0,0,0,,
2016,81,ProMinu,Gonbad Kavoos University,1,23,23,0,0,0,0,0,0,0,0,0,0,0,,
2016,82,Team94,Somayeh Najaf Abad Technical College,1,55,55,0,0,0,0,0,0,0,0,0,0,0,,
2017,1,Cliché,Sharif University of Technology,9,1206,4,9,0,171,27,0,241,37,261,229,107,,,
2017,2,On The Way,Sharif University of Technology,7,625,4,31,0,193,51,0,62,75,0,169,0,,,
2017,3,NeshesTeam,University of Tehran,7,741,3,11,0,155,55,0,148,79,290,0,0,,,
2017,4,MABVA,Sharif University of Technology,7,788,2,9,0,286,53,0,105,57,196,0,0,,,
2017,5,Hash_Array,Sharif University of Technology,7,962,2,7,0,284,34,0,258,44,0,233,0,,,
2017,6,len(dog),Shahid Beheshti University,6,760,3,10,0,281,38,0,0,128,160,0,0,,,
2017,7,Bozonghereh,Ferdowsi University of Mashhad,6,994,7,15,0,253,57,0,0,156,0,286,0,,,
2017,8,age mahdudiat dash ino mizarim,Urmia University,5,421,3,9,0,0,95,0,0,56,238,0,0,,,
2017,9,Team 47,Isfahan University of Technology,5,424,2,9,0,271,62,0,0,80,0,0,0,,,
2017,10,Bugs,Ferdowsi University of Mashhad,5,483,3,10,0,286,118,0,0,46,0,0,0,,,
2017,11,You know izad?,Shahid Beheshti University,5,559,4,12,0,203,49,0,0,231,0,0,0,,,
2017,12,Guest27482,University of Tehran,5,599,8,35,0,0,118,0,0,95,263,0,0,,,
2017,13,Fr13nds,Amirkabir University of Technology,5,682,2,6,0,272,57,0,0,165,0,0,0,,,
2017,14,SELECT* FROM Team WHERE rank=1,Islamic Azad University of Mashhad,4,207,7,13,0,0,50,0,0,117,0,0,0,,,
2017,15,Maskharas,Amirkabir University of Technology,4,211,3,10,0,0,80,0,0,78,0,0,0,,,
2017,16,¯\_(-_-)_/¯,Amirkabir University of Technology,4,213,3,11,0,0,70,0,0,89,0,0,0,,,
2017,17,Valar Geekolous,Isfahan University of Technology,4,226,15,19,0,0,93,0,0,59,0,0,0,,,
2017,18,Only 5% :D,Ferdowsi University of Mashhad,4,244,5,14,0,0,96,0,0,129,0,0,0,,,
2017,19,Ali Oli Kheili Kholi,Khaje Nasir Toosi University of Technology,4,286,3,10,0,0,83,0,0,150,0,0,0,,,
2017,20,Azinaa,Shiraz University,4,302,6,31,0,0,87,0,0,138,0,0,0,,,
2017,21,Everybody Lies,University of Tehran,4,342,8,36,0,0,73,0,0,125,0,0,0,,,
2017,22,Heshki heshtow shode?! :-o,Shahid Bahonar University of Kerman,4,354,8,24,0,0,99,0,0,163,0,0,0,,,
2017,23,Why do we fall?,Sadjad University of Technology,4,468,2,20,0,0,232,0,0,174,0,0,0,,,
2017,24,[ ],Amirkabir University of Technology,4,655,7,63,0,0,257,0,0,188,0,0,0,,,
2017,25,Trust_in_the_ceiling,Shiraz University,4,705,4,16,0,0,289,0,0,256,0,0,0,,,
2017,26,RushB,Yazd University,3,188,5,10,0,0,0,0,0,133,0,0,0,,,
2017,27,Brogrammers,Ferdowsi University of Mashhad,3,221,6,17,0,0,158,0,0,0,0,0,0,,,
2017,28,3BiTeam,University of Tehran,3,302,4,13,0,0,0,0,0,225,0,0,0,,,
2017,29,Bvesal,Shahid Bahonar University of Kerman,3,324,6,20,0,0,238,0,0,0,0,0,0,,,
2017,30,Ted 3 (hame 95ia basju),Bu-Ali Sina University,3,352,13,50,0,0,269,0,0,0,0,0,0,,,
2017,31,Bits Please.,Kharazmi University,3,385,3,24,0,0,0,0,0,278,0,0,0,,,
2017,32,Table FlipperZ,University of Isfahan,2,15,3,12,0,0,0,0,0,0,0,0,0,,,
2017,33,Violets,Kharazmi University,2,19,3,16,0,0,0,0,0,0,0,0,0,,,
2017,34,nagabyte,Shahid Beheshti University,2,20,6,14,0,0,0,0,0,0,0,0,0,,,
2017,35,And Nothing Else Matters,Isfahan University of Technology,2,22,8,14,0,0,0,0,0,0,0,0,0,,,
2017,36,Harmless Ruler,University of Science & Culture,2,23,15,8,0,0,0,0,0,0,0,0,0,,,
2017,37,doubleBazinga!,Sadjad University of Technology,2,25,4,21,0,0,0,0,0,0,0,0,0,,,
2017,38,Cool Name Pending,Mohaghegh Ardebili University,2,26,5,21,0,0,0,0,0,0,0,0,0,,,
2017,39,Invoker,Shahrood University,2,27,5,22,0,0,0,0,0,0,0,0,0,,,
2017,40,Kalagh,Iran University of Science & Technology,2,28,6,22,0,0,0,0,0,0,0,0,0,,,
2017,41,Overconfident,Shahid Chamran University of Ahvaz,2,28,5,23,0,0,0,0,0,0,0,0,0,,,
2017,42,Sublock,Iran University of Science & Technology,2,29,5,24,0,0,0,0,0,0,0,0,0,,,
2017,43,NULL,Qom University,2,29,5,24,0,0,0,0,0,0,0,0,0,,,
2017,44,B beny,Shahid Bahonar University of Kerman,2,31,7,24,0,0,0,0,0,0,0,0,0,,,
2017,45,Ralakh,Shahid Beheshti University,2,32,8,24,0,0,0,0,0,0,0,0,0,,,
2017,46,Parallelogram,Isfahan University of Technology,2,33,9,24,0,0,0,0,0,0,0,0,0,,,
2017,47,ATM,Khaje Nasir Toosi University of Technology,2,40,9,31,0,0,0,0,0,0,0,0,0,,,
2017,48,Owdena,Golestan University of Grogan,2,40,6,34,0,0,0,0,0,0,0,0,0,,,
2017,49,tAAAxi,Islamic Azad University of Mashhad,2,46,6,40,0,0,0,0,0,0,0,0,0,,,
2017,50,Prominoo,Gonbad Kavoos University,2,47,15,32,0,0,0,0,0,0,0,0,0,,,
2017,51,Vasher Tah Silandr,Shahab Danesh University,2,48,8,40,0,0,0,0,0,0,0,0,0,,,
2017,52,Terminal,Guilan U,2,48,5,43,0,0,0,0,0,0,0,0,0,,,
2017,53,PouriCoacheameLento,Payame Noor University of Mashhad,2,49,10,39,0,0,0,0,0,0,0,0,0,,,
2017,54,k3rnel pan!c,University of Isfahan,2,50,5,25,0,0,0,0,0,0,0,0,0,,,
2017,55,bonab,Bonab Faculty of Engineering,2,50,8,42,0,0,0,0,0,0,0,0,0,,,
2017,56,BFS,Sadjad University of Technology,2,53,4,29,0,0,0,0,0,0,0,0,0,,,
2017,57,FMA,Shiraz University,2,54,8,26,0,0,0,0,0,0,0,0,0,,,
2017,58,00:00,Khaje Nasir Toosi University of Technology,2,54,3,31,0,0,0,0,0,0,0,0,0,,,
2017,59,IKIU,Imam-Khomeini International University,2,54,7,47,0,0,0,0,0,0,0,0,0,,,
2017,60,Miotrix,Sheikhbahaee Universtity,2,56,8,48,0,0,0,0,0,0,0,0,0,,,
2017,61,Anonymous,Khayyam University,2,57,11,46,0,0,0,0,0,0,0,0,0,,,
2017,62,GruntMeister7000,Semnan University,2,62,13,29,0,0,0,0,0,0,0,0,0,,,
2017,63,The Rakht,University of Tabriz,2,62,2,40,0,0,0,0,0,0,0,0,0,,,
2017,64,errors,Islamic Azad University of Qazvin,2,63,6,37,0,0,0,0,0,0,0,0,0,,,
2017,65,Shantazh,University of Zanjan,2,63,15,48,0,0,0,0,0,0,0,0,0,,,
2017,66,The Hateful Three,University of Tabriz,2,81,5,36,0,0,0,0,0,0,0,0,0,,,
2017,67,THR34,Razi University of Kermanshah,2,82,15,47,0,0,0,0,0,0,0,0,0,,,
2017,68,Makran_USB,University of Sistan and Baluchestan,2,87,24,43,0,0,0,0,0,0,0,0,0,,,
2017,69,Bellona,Alzahra University,2,99,15,84,0,0,0,0,0,0,0,0,0,,,
2017,70,Kernel,Tuyserkan Faculty of Engineering,2,103,23,80,0,0,0,0,0,0,0,0,0,,,
2017,71,Error?!,Vali-E-Asr University,2,110,30,60,0,0,0,0,0,0,0,0,0,,,
2017,72,OFU_CSSC,Mazandaran University of Science and Technology,2,112,27,65,0,0,0,0,0,0,0,0,0,,,
2017,73,PNU CODERS,Payame Noor University of Hamedan,2,117,37,80,0,0,0,0,0,0,0,0,0,,,
2017,74,code_masters,Urmia University,2,151,6,125,0,0,0,0,0,0,0,0,0,,,
2017,75,QIAUP,Qom Islamic Azad University,2,180,36,84,0,0,0,0,0,0,0,0,0,,,
2017,76,BalootSoft,Ardabil Technical and Vocational University,2,199,9,190,0,0,0,0,0,0,0,0,0,,,
2017,77,One & Only,Shahid Chamran University of Ahvaz,2,201,10,191,0,0,0,0,0,0,0,0,0,,,
2017,78,White Rose,Islamic Azad University of Najaf Abad,2,266,7,239,0,0,0,0,0,0,0,0,0,,,
2017,79,R3A,Hakim Sabzevari University,1,14,14,0,0,0,0,0,0,0,0,0,0,,,
2017,80,Dynamite,Somayeh Najaf Abad Technical College,1,110,50,0,0,0,0,0,0,0,0,0,0,,,
2018,1,Kolompeh,Sharif University of Technology,10,1399,5,9,290,219,170,62,0,70,37,215,162,,,
2018,2,Oh Toh! We're coming,Sharif University of Technology,9,1008,11,10,281,146,98,160,0,33,22,0,167,,,
2018,3,Kamerana,Sharif University of Technology,8,677,7,14,0,157,187,123,0,94,25,0,70,,,
2018,4,Deadlines Deadpolygons,Sharif University of Technology,8,804,4,14,0,158,207,78,0,68,22,0,113,,,
2018,5,Temporarily Rebellion,Amirkabir University of Technology,7,938,19,10,0,257,0,135,0,107,29,0,221,,,
2018,6,NeshesTeam,University of Tehran,7,948,8,22,0,197,0,142,0,77,48,0,294,,,
2018,7,"A bonus to Sara, The DJ to Z.",University of Tehran,7,1109,22,26,0,0,166,255,0,194,18,0,208,,,
2018,8,Tatiana,Amirkabir University of Technology,6,629,7,10,0,231,0,145,0,124,52,0,0,,,
2018,9,Whatever,Amirkabir University of Technology,5,513,4,10,0,0,0,256,0,175,28,0,0,,,
2018,10,Hatta hanooyam maloom ni?,Shahid Bahonar University of Kerman,5,593,14,7,0,264,0,211,0,0,37,0,0,,,
2018,11,"Penny, Penny, Penny",Ferdowsi University of Mashhad,5,626,6,13,0,0,0,223,0,282,22,0,0,,,
2018,12,HajAgha,University of Tehran,5,637,14,9,0,0,0,176,0,270,48,0,0,,,
2018,13,Gorazzers,Shahid Beheshti University,5,653,11,30,0,0,0,267,0,200,65,0,0,,,
2018,14,asdf!,University of Tehran,5,662,7,13,0,0,0,211,0,165,66,0,0,,,
2018,15,Bozonghereh,Ferdowsi University of Mashhad,4,200,5,11,0,0,0,132,0,0,32,0,0,,,
2018,16,squanchers,Khaje Nasir Toosi University of Technology,4,303,10,18,0,0,0,186,0,0,49,0,0,,,
2018,17,New Arrange(),Ferdowsi University of Mashhad,4,308,6,15,0,0,0,0,0,0,57,210,0,,,
2018,18,Doggy Sweat,Shahid Beheshti University,4,314,5,14,0,0,0,201,0,0,34,0,0,,,
2018,19,Overconfident,Shahid Chamran University of Ahvaz,3,62,5,10,0,0,0,0,0,0,47,0,0,,,
2018,20,MSA,Khaje Nasir Toosi University of Technology,3,71,9,20,0,0,0,0,0,0,42,0,0,,,
2018,21,ZalBloDal,Iran University of Science & Technology,3,73,13,8,0,0,0,0,0,0,52,0,0,,,
2018,22,Not Good,Urmia University,3,74,9,21,0,0,0,0,0,0,44,0,0,,,
2018,23,Synergy - Reputation.,Sadjad University of Technology,3,76,9,19,0,0,0,0,0,0,48,0,0,,,
2018,24,IAAA,Shiraz University,3,80,10,16,0,0,0,0,0,0,54,0,0,,,
2018,25,Back Alley Dominators,Shahid Beheshti University,3,86,13,20,0,0,0,0,0,0,53,0,0,,,
2018,26,mikasa,Bu-Ali Sina University,3,91,22,11,0,0,0,0,0,0,58,0,0,,,
2018,27,3SUM,Khayyam University,3,91,6,13,0,0,0,0,0,0,72,0,0,,,
2018,28,Maybe Last Contest,Ferdowsi University of Mashhad,3,96,9,16,0,0,0,0,0,0,51,0,0,,,
2018,29,who let devs out?,Yazd University,3,104,10,25,0,0,0,0,0,0,49,0,0,,,
2018,30,Bellona,Alzahra University,3,107,11,22,0,0,0,0,0,0,74,0,0,,,
2018,31,Shire Shire Pir,Urmia University,3,112,8,17,0,0,0,0,0,0,67,0,0,,,
2018,32,Fazeto doos daraM!,Islamic Azad University of Mashhad,3,116,6,28,0,0,0,0,0,0,62,0,0,,,
2018,33,The 3.KalePook,Vali-E-Asr University,3,119,9,23,0,0,0,0,0,0,87,0,0,,,
2018,34,Expert {Coders},Imam-Khomeini International University,3,127,13,22,0,0,0,0,0,0,92,0,0,,,
2018,35,Daedalus,Isfahan University of Technology,3,133,13,25,0,0,0,0,0,0,75,0,0,,,
2018,36,GrassessOfPhysicsRemovers,University of Isfahan,3,137,15,22,0,0,0,0,0,0,80,0,0,,,
2018,37,ARP,Shahid Beheshti University,3,138,8,13,0,0,0,0,0,0,77,0,0,,,
2018,38,ByGoosh,Mohaghegh Ardebili University,3,144,17,26,0,0,0,0,0,0,101,0,0,,,
2018,39,MFNQOC,Shiraz University,3,149,13,31,0,0,0,0,0,0,85,0,0,,,
2018,40,HashMac,Isfahan University of Technology,3,150,23,29,0,0,0,0,0,0,58,0,0,,,
2018,41,ProgrammerZ,Shahab Danesh University,3,159,14,41,0,0,0,0,0,0,84,0,0,,,
2018,42,DELETE FROM TEAM WHERE UNI<>HSU,Hakim Sabzevari University,3,167,15,24,0,0,0,0,0,0,88,0,0,,,
2018,43,Byte me,Guilan U,3,176,17,15,0,0,0,0,0,0,104,0,0,,,
2018,44,cheto?,Shahid Bahonar University of Kerman,3,177,9,24,0,0,0,0,0,0,104,0,0,,,
2018,45,Urmia dummies,Urmia University,3,185,15,9,0,0,0,0,0,0,81,0,0,,,
2018,46,Codinston,Babol University of Technology,3,189,27,33,0,0,0,0,0,0,69,0,0,,,
2018,47,BFS.,Sadjad University of Technology,3,192,10,17,0,0,0,0,0,0,85,0,0,,,
2018,48,Wrong An$wer,Sheikhbahaee Universtity,3,200,13,21,0,0,0,0,0,0,146,0,0,,,
2018,49,Freaks & Geeks,Bu-Ali Sina University,3,210,14,22,0,0,0,0,0,0,134,0,0,,,
2018,50,Haise,Golestan University of Grogan,3,217,10,25,0,0,0,0,0,0,142,0,0,,,
2018,51,The Hateful Three,University of Tabriz,3,225,21,12,0,0,0,0,0,0,152,0,0,,,
2018,52,umop episdn,Shahrood University,3,245,16,23,0,0,0,0,0,0,126,0,0,,,
2018,53,Incredibles 3,Shiraz University,3,247,12,30,0,0,0,0,0,0,145,0,0,,,
2018,54,js.h,Birjand University,3,267,36,31,0,0,0,0,0,0,160,0,0,,,
2018,55,Bargaaaaaam :),Payame Noor University of Hamedan,3,295,12,54,0,0,0,0,0,0,169,0,0,,,
2018,56,Robert Kalkhoran,University of Semnan,3,295,16,30,0,0,0,0,0,0,169,0,0,,,
2018,57,For a few Dollars..,University of Sistan and Baluchestan,3,330,9,40,0,0,0,0,0,0,181,0,0,,,
2018,58,Gill Bates,University of Zanjan,3,343,11,24,0,0,0,0,0,0,168,0,0,,,
2018,59,Be Yade Salar,Mazandaran University of Science and Technology,3,369,11,29,0,0,0,0,0,0,269,0,0,,,
2018,60,While true,Shahid Bahonar University of Kerman,3,373,16,24,0,0,0,0,0,0,173,0,0,,,
2018,61,new phantom:),Yazd University,3,385,9,22,0,0,0,0,0,0,254,0,0,,,
2018,62,besparma,Qom University,3,403,23,36,0,0,0,0,0,0,224,0,0,,,
2018,63,Just for fun,Payame Noor University of Mashhad,3,553,17,215,0,0,0,0,0,0,161,0,0,,,
2018,64,team0_,Institute for Advanced Studies in Basic Sciences,2,26,11,15,0,0,0,0,0,0,0,0,0,,,
2018,65,Binary Minds,Qom Islamic Azad University,2,26,8,18,0,0,0,0,0,0,0,0,0,,,
2018,66,Parallelogram,Isfahan University of Technology,2,29,10,19,0,0,0,0,0,0,0,0,0,,,
2018,67,Alt+F4,Bonab Faculty of Engineering,2,31,7,24,0,0,0,0,0,0,0,0,0,,,
2018,68,good game ez,Hamedan University of Technology,2,32,10,22,0,0,0,0,0,0,0,0,0,,,
2018,69,Floyd,Kashmar Higher Education Institute,2,33,12,21,0,0,0,0,0,0,0,0,0,,,
2018,70,SO11,University of Kurdistan,2,37,29,8,0,0,0,0,0,0,0,0,0,,,
2018,71,AT_ACMT,Ale-Taha Institute Of Higher Education,2,69,23,46,0,0,0,0,0,0,0,0,0,,,
2018,72,know no algorithms,Qom Technical And Vocational University,2,96,31,65,0,0,0,0,0,0,0,0,0,,,
2018,73,Kashani,Ghias-al-din Jamshid Kashani,2,104,36,68,0,0,0,0,0,0,0,0,0,,,
2018,74,KIAU,Islamic Azad University of Karaj,2,167,36,111,0,0,0,0,0,0,0,0,0,,,
2018,75,why so serious?!,Imam Reza University of Mashhad,2,203,8,115,0,0,0,0,0,0,0,0,0,,,
2018,76,Free-fall,Payam Noor University of Najaf Abad,2,219,38,161,0,0,0,0,0,0,0,0,0,,,
2018,77,LIAU,Azad University of Lahijan,2,221,16,145,0,0,0,0,0,0,0,0,0,,,
2018,78,Faral,Islamic Azad University of Qazvin,2,252,23,189,0,0,0,0,0,0,0,0,0,,,
2018,79,Adult Code,Kharazmi University,2,305,39,206,0,0,0,0,0,0,0,0,0,,,
2018,80,Wasted Talent(s),University of Kashan,2,393,19,294,0,0,0,0,0,0,0,0,0,,,
2018,81,Paradigm,Somayeh Najaf Abad Technical College,2,417,138,179,0,0,0,0,0,0,0,0,0,,,
2018,82,Uganda knuckles,Gonbad Kavoos University,1,8,8,0,0,0,0,0,0,0,0,0,0,,,
2018,83,Eververse,Jahrom University,1,123,103,0,0,0,0,0,0,0,0,0,0,,,
2018,84,msz,Tehran Technical College of Shariaty,1,130,130,0,0,0,0,0,0,0,0,0,0,,,
